,likes_count,comments_count,common_friends_count,is_friend
467,2,0,3,0
4568,4,0,1,0
5468,3,0,1,0
4409,2,0,0,1
6791,2,1,0,1
1462,0,2,0,1
537,1,0,0,1
4225,1,0,0,1
6630,1,0,0,1
2548,1,0,0,0
3843,2,0,0,1
6519,1,0,1,0
3404,5,0,2,0
4885,1,0,0,0
1860,1,0,0,0
5771,2,0,2,0
4190,1,0,1,0
3465,1,0,1,0
3077,1,0,1,0
6047,3,0,1,0
2149,2,0,1,0
3084,3,0,3,0
6909,1,0,0,0
4574,6,0,1,0
4449,2,0,1,0
3312,1,0,1,0
5518,3,3,1,0
4316,1,0,2,0
2592,1,0,0,1
5999,1,0,1,0
4623,1,0,0,0
3443,6,0,1,0
2233,2,0,2,0
4070,2,0,0,0
6407,8,0,0,1
2457,2,0,0,0
3370,1,0,1,0
4624,6,1,0,0
6315,1,0,2,0
5085,1,0,1,0
6095,2,0,1,0
2405,4,0,0,1
5443,2,0,0,0
1704,1,0,0,1
2694,1,0,0,1
6815,1,0,1,0
2489,1,0,0,1
1338,1,0,0,0
5588,1,0,1,0
3892,9,0,1,0
4197,1,0,1,0
1943,1,0,1,0
5196,8,2,1,1
1685,2,0,0,0
1003,1,0,0,0
2496,1,0,0,0
3603,1,0,3,0
417,6,1,0,1
5618,2,0,0,1
4510,1,0,1,0
2347,2,0,1,0
5173,2,0,0,1
5273,1,0,2,0
3290,2,0,0,0
5863,1,0,0,1
5231,1,0,0,1
6716,2,0,0,1
848,4,0,1,1
6166,4,0,0,1
6328,1,0,1,0
2882,2,0,0,1
1845,2,0,1,0
1702,2,0,0,1
6304,2,0,1,0
1952,3,0,0,0
4137,1,0,2,0
3154,2,0,0,0
4680,1,0,0,0
2656,1,0,0,0
334,1,0,0,1
5793,5,0,1,0
6182,1,0,0,0
2567,1,0,0,0
5955,6,0,4,0
6574,1,0,1,0
3482,4,0,0,1
758,1,0,0,1
4403,2,0,1,0
4508,1,0,1,0
5834,3,0,1,0
5089,1,0,0,0
2278,1,0,0,0
146,2,0,0,1
4546,2,0,1,0
3023,2,0,1,0
2873,2,0,0,1
1750,3,0,1,0
4838,3,0,1,0
2211,1,0,2,0
1460,7,0,2,0
711,1,0,0,1
5315,1,0,0,0
1373,5,0,0,1
4740,3,0,0,0
961,1,0,2,0
1699,9,5,0,1
4782,1,0,1,0
3836,4,0,0,1
4575,1,0,2,0
6113,4,0,1,0
4376,2,0,1,1
1503,4,0,0,1
2154,6,0,1,0
2325,1,0,1,0
62,1,0,2,1
4642,1,0,0,0
5276,1,0,1,0
5861,5,0,0,1
714,1,0,0,1
3007,3,0,0,0
3790,1,0,0,1
1351,5,0,3,0
513,1,0,0,1
6538,1,0,0,1
3044,1,0,1,0
1387,1,0,0,1
297,1,0,0,1
2919,1,1,0,0
5953,1,0,0,0
2884,1,0,0,0
336,1,0,0,1
321,1,0,2,1
6025,1,0,0,0
2661,1,0,1,0
6927,1,0,0,1
1062,3,0,0,1
5018,3,0,3,0
4217,1,0,0,1
694,3,0,0,1
1662,0,1,0,1
1864,1,0,1,0
5404,1,0,1,0
6300,2,0,1,0
1664,1,0,0,0
825,4,4,0,1
3983,2,0,1,0
387,2,0,1,1
3027,9,0,2,0
2863,1,0,0,1
5936,1,0,0,0
4253,4,0,1,0
5013,0,1,27,0
2888,1,0,0,1
4124,2,0,1,1
151,2,0,0,0
2441,2,0,0,1
916,2,0,0,1
6400,1,0,1,0
5177,1,0,0,1
4626,1,0,0,0
6045,3,0,1,0
6189,3,0,0,1
3396,3,0,0,0
3309,1,0,1,0
6969,1,0,0,0
1120,2,0,0,1
4303,1,0,1,0
2095,8,0,1,0
1757,5,0,2,0
1281,1,0,0,0
5106,1,0,1,0
998,1,0,0,0
2529,1,0,2,0
6180,1,0,1,0
2327,1,0,0,0
4383,2,0,0,1
478,2,0,1,0
6008,9,0,1,0
2631,1,0,1,0
3560,1,0,0,1
1261,7,0,0,1
3599,1,0,1,0
3639,2,0,1,0
5400,2,0,1,0
3241,1,0,1,0
4562,1,0,0,1
2375,1,0,0,1
4770,1,0,0,0
5608,1,0,2,0
5549,1,0,0,0
202,1,0,2,0
3163,7,0,1,0
5350,2,0,0,0
3712,1,0,1,0
6676,2,0,0,1
1384,2,0,1,0
5192,8,0,0,1
3575,1,0,0,0
2794,1,0,0,1
4620,1,0,1,0
143,1,0,1,1
2305,3,1,0,1
3469,1,0,0,1
6459,1,0,0,1
5847,6,0,1,0
1977,1,0,1,0
5216,1,0,0,1
438,3,0,3,0
2688,1,0,0,1
976,5,0,3,0
6136,8,0,2,0
727,1,0,0,1
174,1,0,2,0
2315,1,0,1,0
3489,1,0,1,0
4252,1,0,0,0
2483,1,0,1,0
5584,5,0,1,0
2852,5,0,0,1
6162,1,0,1,0
1130,2,0,0,1
5612,1,0,1,0
5438,3,0,1,0
495,2,0,0,1
4778,2,1,0,0
1159,8,0,0,1
1075,1,0,0,1
561,1,0,0,0
2895,1,0,0,0
2779,2,0,0,1
3101,2,0,1,0
5105,1,0,1,0
1009,6,0,0,1
4663,2,0,1,0
5136,1,0,1,0
4977,3,0,1,0
6582,2,0,0,1
873,2,0,0,1
3520,1,0,0,0
2279,2,0,1,0
1819,1,0,1,0
3245,1,0,1,0
6435,1,0,0,1
349,1,0,0,1
4579,2,0,0,1
4968,2,0,1,0
6266,1,0,1,0
2754,5,0,0,1
43,1,0,1,1
4651,1,0,0,0
7001,2,0,0,1
4711,1,0,0,1
2954,1,0,0,0
1648,1,0,0,1
702,2,0,0,1
3042,3,0,1,0
4705,1,0,1,0
173,1,0,2,0
3340,1,0,1,0
5701,2,0,1,0
4890,2,0,1,0
592,1,0,0,0
6659,2,0,0,1
5454,1,0,1,0
2927,1,0,0,0
6565,4,0,0,1
4426,1,0,0,0
3143,4,0,1,0
831,1,0,1,1
1033,1,0,2,0
2837,2,0,0,1
169,5,0,0,1
348,1,0,0,1
1980,1,0,0,0
1975,2,0,0,0
337,1,0,0,1
2594,1,0,1,0
5324,2,0,1,0
4122,3,0,2,0
2093,2,0,0,0
1209,3,0,0,1
508,2,0,0,0
3542,10,0,1,0
2818,1,0,0,1
5980,1,0,0,0
4073,3,0,1,0
1817,1,0,1,0
5966,3,0,0,0
3121,1,0,0,0
3691,1,0,0,0
4201,1,0,2,0
1263,1,0,0,1
819,1,0,0,1
4518,1,0,0,0
347,1,0,0,1
5691,1,0,0,1
822,1,0,0,0
265,1,0,0,1
6626,1,0,0,1
2466,3,0,2,0
1572,1,0,1,0
3864,1,0,1,0
5767,1,0,1,0
6669,1,0,0,1
872,2,0,1,1
288,1,0,0,1
5414,1,0,1,0
2280,1,0,2,0
480,6,0,3,0
5819,1,0,4,0
5475,4,2,1,0
4416,1,0,1,0
6324,3,0,2,0
1025,1,0,0,0
6657,6,0,0,1
1722,1,0,0,1
3933,5,0,1,0
2049,4,0,1,0
928,1,0,0,1
2286,1,0,0,0
6084,1,0,1,0
6570,4,0,0,1
3619,3,0,2,0
6053,3,0,1,0
1589,1,0,1,0
5649,1,0,0,1
5010,1,0,0,1
6610,1,0,0,1
2545,3,0,1,0
5319,3,0,0,0
3831,4,0,0,1
5693,1,0,2,0
1652,1,0,1,0
2125,2,0,0,0
2053,1,0,1,0
2446,3,0,0,1
709,1,0,1,1
5554,1,0,1,0
5971,2,0,2,0
3298,2,0,1,0
2573,1,0,1,0
2176,2,0,1,0
4628,1,0,0,0
3882,17,0,1,0
1693,1,0,1,1
5026,2,0,0,1
5832,2,0,0,0
6959,10,0,0,1
6955,1,0,0,1
209,1,0,1,1
3255,6,0,0,1
6326,1,0,2,0
3628,3,0,1,0
2479,2,0,0,0
5639,1,0,1,0
5052,1,0,2,0
5997,3,0,0,0
4035,1,0,1,0
3943,2,0,0,1
1096,3,0,0,1
4590,10,0,0,0
4673,3,0,0,1
4250,1,0,0,0
141,2,0,0,1
1476,3,0,4,0
3267,2,0,0,1
5845,3,0,0,0
1381,4,0,0,0
5772,1,0,1,0
3710,2,0,2,0
5310,3,0,1,0
3120,1,0,1,0
5236,1,0,0,1
307,1,0,0,1
1849,2,0,2,0
3410,1,0,1,0
5911,1,0,2,0
4560,1,0,1,0
5300,2,0,0,0
4654,4,0,0,0
110,2,0,3,0
1612,1,0,0,0
2207,1,0,1,0
6384,2,0,1,0
3784,1,0,1,0
1471,1,0,3,0
1802,1,0,2,0
4123,1,0,0,0
3817,2,0,0,1
77,8,0,0,1
6322,1,0,0,0
89,1,0,0,0
5024,1,0,1,0
4214,1,0,1,0
5222,1,0,0,1
5256,1,0,1,0
2183,4,0,0,0
3811,1,0,0,1
1911,1,0,0,1
5885,1,0,1,0
2415,1,0,0,1
5527,5,0,0,1
1998,1,0,1,0
6245,1,0,0,1
2824,1,0,0,1
3775,7,0,0,0
74,1,0,2,0
6598,1,0,0,1
1900,1,0,0,1
774,1,0,0,1
82,3,0,0,1
2353,1,0,1,0
3674,10,0,2,0
1047,6,0,0,1
3493,3,0,1,0
681,5,0,0,1
5160,2,0,1,0
5519,0,1,1,0
4820,4,0,0,1
122,2,0,4,0
550,3,0,0,0
1910,5,0,0,1
5663,1,0,0,1
690,1,0,0,1
6046,2,0,0,1
1418,5,0,0,0
820,1,0,0,1
6237,1,0,0,1
1452,2,0,0,1
6280,6,0,0,1
5600,2,0,1,0
4317,3,0,1,0
5112,2,0,1,0
1878,1,0,0,1
4696,1,0,0,1
2521,4,0,1,0
3939,1,0,0,0
1500,1,0,0,1
6339,2,0,2,0
5580,3,0,1,0
2163,3,0,1,0
6480,2,0,0,0
1223,4,0,0,1
6674,5,0,0,0
1149,4,0,0,1
3624,3,0,1,0
4228,1,0,1,0
2561,1,0,0,0
4903,1,0,0,1
6497,3,0,0,1
6855,1,0,0,1
6063,2,0,0,0
4296,3,0,0,1
4239,1,0,0,0
3502,10,1,0,1
460,2,0,0,1
6729,1,0,0,1
4566,1,1,1,0
2258,1,0,0,0
3633,3,0,3,0
913,2,0,0,1
1243,1,0,0,1
4159,2,0,1,1
4997,1,0,0,1
5050,3,0,1,0
6658,1,0,0,1
4333,2,0,1,0
5041,1,0,1,0
3962,1,0,1,1
1901,3,0,0,1
1172,6,0,0,1
5121,1,0,1,0
5774,2,0,1,0
4203,20,0,8,0
5379,4,0,0,0
3841,4,0,0,1
2275,1,0,2,0
38,1,0,2,0
3081,3,0,1,0
1712,1,0,0,0
6432,1,0,0,1
2768,1,0,0,1
6107,1,0,0,0
2681,1,0,0,1
3793,2,0,0,1
2700,1,0,0,1
5079,1,0,2,0
5735,1,0,1,0
90,1,0,0,1
5110,1,0,1,0
6672,1,0,0,1
6518,6,0,1,0
4556,2,0,8,0
5589,2,0,1,0
6752,1,0,0,1
5515,6,2,1,0
5718,3,0,1,0
380,1,0,0,0
2040,1,0,1,0
4798,1,0,0,1
329,1,0,0,1
6914,1,1,1,0
6535,2,0,0,1
475,2,0,1,0
1576,1,0,2,0
1560,1,0,0,0
1554,1,0,0,0
6671,1,0,1,0
2955,1,1,0,0
1114,1,0,0,0
3956,3,0,0,1
3173,1,0,1,0
76,1,0,0,1
368,1,0,9,1
6317,2,0,0,0
3262,2,0,0,1
3233,1,0,1,0
5988,4,2,959,0
4614,1,0,603,0
1928,4,0,0,1
1510,1,0,0,1
4058,1,0,2500,0
2012,5,0,2,0
3311,1,0,0,0
6823,4,1,0,1
2847,1,0,0,1
3391,2,0,2,0
4632,1,0,1,0
769,2,0,1,1
1305,1,0,0,0
2393,1,2,0,1
1002,1,0,0,0
1443,1,0,0,0
4709,1,0,1,0
1632,6,0,1,0
4901,2,0,1,0
4183,1,0,1,1
2252,1,0,1,0
726,1,0,0,1
4883,1,0,1,0
3406,1,0,0,1
1680,1,0,1,0
2826,5,0,0,1
5476,8,0,1,0
4083,1,0,0,1
3341,3,0,0,0
1056,1,0,0,1
4059,3,0,0,1
7000,2,0,1,0
5101,1,0,1,0
6787,1,0,20,0
3666,1,0,0,1
2,1,0,0,1
6810,1,0,0,0
5114,1,0,0,0
6111,4,0,0,1
3394,1,0,1,0
5603,5,0,1,0
5323,1,0,0,1
6532,2,0,0,1
3402,1,0,0,1
5330,2,0,0,1
160,4,1,0,1
6457,2,2,0,1
3118,4,0,0,1
1818,2,0,2,0
1044,2,0,0,1
5827,8,0,1,0
5251,5,0,0,0
1843,4,0,0,0
4330,8,0,3,0
3151,1,0,0,0
5451,6,0,1,0
1833,8,0,2,0
2588,1,0,2,0
1613,5,0,1,0
3307,2,0,1,0
1440,1,0,3,0
3014,1,0,1,0
4066,1,0,3,0
3664,10,0,1,0
3537,2,0,0,1
4953,1,0,1,0
6614,3,0,0,1
5009,1,0,0,1
3625,1,0,2,0
4018,1,0,1,0
3612,1,0,2,0
2228,1,0,2,0
1837,1,0,1,0
4283,1,0,0,1
6984,4,0,0,1
4171,2,0,0,1
3242,3,0,2,0
5970,1,0,1,0
3100,2,0,1,0
6048,1,0,1,0
1825,7,0,1,0
468,1,0,1,0
3832,1,0,0,1
6543,2,0,0,1
233,1,0,0,0
6849,5,0,1,0
6826,2,0,1,0
5477,1,0,0,1
1776,1,0,1,0
5736,5,0,1,0
3804,3,0,0,1
4935,1,0,0,0
773,1,1,0,1
2310,10,0,1,0
856,4,0,0,1
2115,1,0,1,0
240,7,0,0,1
1330,1,0,1,1
514,3,1,0,1
3078,2,0,0,1
4496,2,0,1,0
6779,2,0,1,0
2099,4,0,1,0
5959,1,0,1,0
6152,8,1,1,0
5472,1,0,1,0
1124,1,0,22,0
3806,2,0,0,0
3610,3,0,5,0
6575,1,0,0,1
2797,4,0,0,1
3344,1,0,1,0
6485,1,0,0,1
5590,3,0,1,0
260,1,0,0,1
2739,1,0,0,1
6460,1,0,0,1
3480,2,0,0,1
3141,3,0,1,0
4794,3,0,3,0
1074,1,0,0,1
1013,2,0,0,0
1767,2,0,1,0
837,1,0,0,1
4884,1,0,0,1
1512,3,0,1,0
2980,1,0,3,0
3725,7,0,1,0
1491,1,0,3,0
5650,2,0,1,0
4079,2,0,0,0
2057,1,0,1,0
6956,5,0,0,1
1996,1,0,0,0
6165,1,0,0,1
5008,2,0,0,1
4741,3,0,1,0
4766,2,0,0,0
1354,2,0,0,0
2792,2,0,0,1
5925,1,0,1,0
1231,6,0,0,1
6335,1,0,2,0
584,1,0,0,0
2971,2,0,0,0
4186,1,0,1,0
4868,1,0,1,0
2204,1,0,1,0
6700,3,0,0,1
1587,1,0,2,0
6954,1,0,0,1
4988,2,0,0,0
3944,6,0,0,1
2245,1,0,1,0
5951,1,0,0,1
4974,1,1,2,0
5045,1,0,1,0
4520,1,0,0,0
1726,1,0,2,0
4402,1,0,2,0
3331,1,0,0,0
1217,2,0,0,1
1012,1,1,1,0
2691,1,0,0,1
4921,1,0,0,0
5938,2,0,0,1
5117,2,0,1,0
5492,1,0,0,1
1768,1,0,0,0
2821,2,0,0,1
398,1,0,0,0
3834,2,0,0,1
71,1,0,2,0
6013,6,3,1,0
369,1,0,0,1
1627,8,0,2,0
6687,3,0,0,0
4944,1,0,0,1
6415,1,0,0,1
4234,1,0,2,0
335,1,0,1,1
86,1,0,0,1
532,1,0,1,0
780,1,0,0,1
2943,2,0,0,0
6617,8,0,0,1
1861,1,0,1,0
6444,1,0,0,0
5234,1,0,0,0
2292,2,0,1,0
4145,3,0,0,1
6430,3,0,1,0
3165,5,0,1,0
7002,1,0,0,1
6397,1,0,1,0
4849,5,0,0,0
6493,5,0,0,1
6167,1,0,0,1
5368,2,0,1,0
3697,1,0,1,0
4027,1,0,0,0
2266,1,0,0,0
4771,7,0,1,0
6934,9,1,4,0
3180,5,0,0,0
1785,2,0,1,0
128,1,0,3,0
1921,1,0,0,1
5386,2,0,0,0
5890,4,3,2,0
6367,8,0,0,1
2712,1,0,0,1
5076,2,0,0,1
4558,1,0,2,0
2227,2,0,2,0
6783,1,0,2,0
5490,1,0,0,1
979,1,0,0,1
4900,1,0,1,0
6903,3,0,0,0
3326,4,0,1,0
4774,2,0,1,0
6301,2,0,0,0
4999,1,0,1,0
1244,6,0,0,1
6953,2,0,0,1
2569,1,0,1,0
6410,3,0,0,0
4998,3,0,0,0
3137,1,0,1,0
1531,1,0,2,0
1660,1,0,0,1
4357,1,0,0,1
425,6,0,0,1
1005,1,0,0,0
273,2,0,0,0
4689,1,0,1,0
3729,1,0,0,0
733,1,0,0,1
1787,1,0,2,0
4121,2,0,0,1
1631,1,0,1,0
413,1,0,2,0
4909,2,0,0,0
4882,3,0,0,0
2270,1,0,0,0
5333,1,0,0,1
1623,1,0,1,0
6330,4,0,1,0
1027,3,0,0,1
3905,1,0,1,0
982,1,0,1,0
2420,6,0,0,1
5939,1,0,0,1
3444,1,0,1,0
4320,1,0,2,0
5419,1,0,0,0
6260,1,0,0,0
1049,3,0,0,1
3551,1,0,0,1
2911,1,0,0,0
6599,1,0,0,1
1396,2,0,0,1
4565,2,0,0,1
543,1,0,0,0
399,1,0,0,1
6761,2,2,1,0
1828,3,0,1,0
1110,1,0,0,1
4539,1,0,0,0
2098,1,0,0,0
1422,2,0,1,0
1497,1,0,1,0
1973,3,0,1,0
2605,1,0,0,0
1057,1,0,0,1
829,1,0,0,1
946,1,0,0,1
1277,3,0,1,0
1293,1,0,0,1
2029,2,0,1,0
5926,1,0,1,0
4615,4,0,1,0
1046,6,1,0,1
2089,1,0,0,1
3721,2,0,1,0
5108,2,0,1,0
2016,2,0,1,0
4951,2,0,0,0
145,1,0,1,0
200,1,0,2,0
3678,2,0,1,0
4061,1,0,176,1
2621,2,0,0,1
981,10,0,1,0
3777,8,0,1,0
6427,1,0,0,1
6862,2,0,1,0
5161,1,0,0,1
3366,2,0,0,1
6678,3,0,0,1
302,1,0,0,1
4608,4,0,0,1
1076,2,0,1,0
1468,2,0,2,0
4364,1,0,0,1
7005,7,0,1,0
2922,4,0,0,0
4690,4,0,0,0
2905,1,0,1,0
3771,10,0,2,0
2722,1,0,0,1
1125,9,0,1,1
1498,4,0,0,1
1318,1,0,0,0
378,1,0,0,1
3587,1,0,1,0
6937,3,0,0,0
2979,1,0,2,0
4657,2,0,0,0
5657,1,0,90,0
5622,5,0,1,0
3140,1,0,0,0
2102,2,0,0,0
3413,2,0,0,0
4247,1,0,0,0
2042,1,0,1,0
929,1,0,0,1
552,2,0,2,0
2213,1,0,1,0
6757,3,0,1,0
5751,3,0,2,0
2178,1,0,0,1
3951,4,0,0,1
3858,1,0,1,0
3611,1,0,2,0
6871,6,0,0,0
5654,1,0,0,1
1778,1,0,1,0
4393,1,0,1,0
4691,6,0,0,1
1064,1,0,0,1
2810,1,0,0,1
5017,1,0,1,0
6492,1,0,1,0
3381,2,0,1,0
3294,2,0,0,0
5842,12,3,1,0
6422,4,0,0,1
6596,4,0,1,0
4817,5,0,0,1
1403,3,0,2,0
5897,1,0,1,0
5448,6,0,0,0
6003,6,2,1,0
3004,9,0,2,0
5055,1,0,0,0
6385,6,0,1,0
4776,3,0,0,0
4939,1,0,1,0
1598,2,0,0,0
1186,10,0,0,1
1728,1,0,1,0
5906,1,0,1,0
2958,1,0,0,0
363,1,0,1,1
6038,1,0,1,0
4029,1,0,0,0
4854,3,0,0,1
6836,2,1,1,0
4269,1,0,1,0
6143,4,0,1,0
5623,1,0,1,0
1182,8,0,0,1
278,1,0,3,0
531,1,0,2,0
2295,1,0,0,1
390,4,0,1,1
2431,5,0,0,1
5290,3,0,1,0
12,2,0,0,1
844,4,0,0,1
2759,1,0,0,1
2395,1,0,0,1
2823,1,0,0,1
596,1,0,1,0
497,3,0,0,1
1319,1,0,0,1
6451,2,1,0,1
3788,1,0,1,0
5574,3,0,0,1
598,2,0,0,1
5135,1,0,1,0
2159,1,0,1,0
1274,6,0,2,1
5969,2,0,1,0
1344,1,0,1,0
4487,1,0,0,1
4490,1,0,1,0
1368,1,0,0,1
1719,3,0,1,0
6027,2,0,0,0
4695,2,0,1,0
2087,1,0,0,1
338,1,0,0,1
6066,3,0,1,0
5611,1,0,1,0
2597,1,0,1,0
6334,1,0,2,0
6484,1,0,0,1
4837,0,1,265,0
671,3,0,0,1
1320,1,0,0,0
397,3,0,2,0
6839,1,0,0,1
4790,1,0,1,0
3545,1,0,0,0
6137,3,0,1,0
5547,1,0,3,0
4829,0,1,0,1
124,4,1,2,0
5270,1,0,1,0
1617,2,0,0,0
3711,1,0,1,0
5172,2,0,0,1
4989,1,0,0,0
2369,2,0,1,0
2361,9,0,2,0
5422,2,0,1,0
2897,3,0,1,0
4981,2,0,0,0
1203,7,0,0,1
1359,1,0,1,0
5488,1,0,0,1
3157,2,0,1,0
2990,8,0,2,0
684,3,0,0,1
6880,1,0,0,1
5943,2,0,0,0
5023,2,0,0,0
5762,1,0,1,0
1978,1,0,1,0
5394,2,0,0,0
1580,6,0,1,0
885,2,0,0,1
4153,7,0,1,0
5881,2,0,0,1
1835,1,0,1,0
1067,1,0,0,1
6128,1,0,0,0
4672,1,0,0,1
5067,1,0,1,0
1055,3,0,1,0
2718,2,0,0,1
657,1,1,0,1
6380,2,0,0,0
2556,1,0,0,1
5201,2,0,1,0
2033,1,0,1,0
5944,2,0,1,0
3138,6,0,1,0
3734,2,0,0,0
993,1,0,1,0
6088,4,0,1,0
6350,3,0,1,0
6231,1,0,0,1
4368,1,0,3,0
6420,3,0,0,1
3518,4,0,1,0
6123,3,0,1,0
547,1,0,1,0
4120,1,0,0,0
6926,1,0,2,0
6355,2,0,1,0
3126,11,0,1,0
2372,2,0,0,1
2819,2,0,0,1
567,3,0,2,1
1877,1,0,0,1
4505,2,0,1,0
4378,1,0,0,1
648,2,0,1,0
1431,3,0,0,0
5016,1,0,0,1
2017,1,0,1,0
2199,2,0,0,1
6993,2,0,0,1
4699,1,0,0,0
6621,3,0,0,1
2620,4,0,1,0
372,1,0,0,1
3083,1,0,1,0
2787,2,0,0,1
4982,3,0,0,1
2360,1,0,0,1
154,3,0,1,0
2091,4,0,1,0
3336,2,0,1,0
3407,6,0,0,0
5064,1,0,1,0
6130,1,0,1,0
3517,1,0,0,0
5220,1,1,0,1
3959,5,0,9,1
3304,1,0,1,0
4745,3,0,0,0
2438,2,1,0,1
6863,10,0,1,0
5049,8,0,0,1
5638,1,1,0,0
1749,1,0,0,0
5387,3,0,1,0
4516,2,0,1,0
1737,1,0,0,0
1291,4,0,0,1
957,1,0,0,1
133,2,0,0,1
2037,1,0,1,0
4064,1,0,0,1
4681,1,0,0,0
3329,1,0,1,0
6487,1,0,0,1
6534,1,0,1,0
1301,3,0,1,0
5521,2,0,0,1
4334,2,0,2,0
3848,2,0,2,0
2273,1,0,1,0
6961,2,0,0,1
1521,1,0,1,0
2968,1,0,2,0
627,1,0,0,1
4843,1,0,0,1
6181,1,0,0,1
1650,1,0,0,1
1565,2,0,0,0
5682,1,0,0,0
2492,1,0,0,1
3714,3,0,0,0
104,1,1,2,0
5489,6,0,0,0
1102,2,0,0,1
5145,1,0,1,1
3766,2,0,0,0
6789,2,0,1,0
6578,1,0,3,0
1800,1,0,0,1
1903,1,0,0,1
2527,2,1,1,0
1366,1,0,1,0
5662,2,0,0,1
2340,2,0,0,1
5345,1,0,1,0
1780,1,0,0,1
2956,1,0,0,0
1420,4,0,0,0
2575,1,0,2,0
1796,1,0,0,1
1018,4,0,0,1
3072,2,0,1,0
203,2,0,0,1
228,3,0,0,1
6998,1,1,0,1
5494,2,0,0,1
6275,1,0,0,1
4292,2,0,0,1
445,1,0,0,1
753,1,0,0,1
4399,2,0,1,0
2312,2,0,0,1
4873,4,0,0,1
5215,4,1,0,1
4702,1,0,0,1
5698,1,0,1,0
4367,1,1,0,1
1063,1,0,0,1
683,3,0,0,1
1245,4,0,0,1
2506,1,0,1,0
3193,1,0,1,0
3645,1,0,2,0
1220,2,0,0,1
5631,3,0,0,0
50,2,0,2,0
1815,4,0,0,0
6425,1,0,0,1
1816,1,0,0,0
6743,1,0,0,1
771,1,0,0,1
5886,1,0,0,0
409,4,0,0,0
6105,4,0,0,0
1041,1,0,0,1
3217,1,0,2,0
5696,1,0,0,1
4919,1,0,0,0
2396,5,0,0,1
2798,1,0,0,1
6507,2,0,1,0
4527,1,0,1,0
3921,3,0,1,0
4878,1,0,1,0
10,4,0,0,1
2229,1,0,0,0
3523,2,0,1,0
6736,8,0,1845,0
2036,2,0,1,0
1198,5,0,0,1
5425,2,0,0,0
4739,2,0,1,0
5188,1,0,0,1
1113,1,0,0,1
47,1,0,2,0
2212,1,0,0,0
3866,8,0,1,0
5598,2,0,0,1
6933,1,2,2,0
1340,1,0,0,0
6447,1,0,0,0
6389,0,1,2,0
6851,1,0,0,1
274,1,0,0,1
2414,3,0,0,1
1272,2,0,2,0
4359,1,0,0,1
3510,6,0,1,0
1158,3,0,0,1
1710,3,0,0,0
4671,1,1,1,0
6375,1,0,1,0
1079,2,0,6,1
135,1,0,0,1
232,1,0,1,1
555,0,1,0,1
4785,1,0,1,0
1602,1,0,1,0
5361,1,0,1,0
1262,1,0,0,1
2808,4,0,0,1
4744,5,0,1,0
1992,1,0,1,0
2391,1,0,0,1
2593,1,0,0,1
4806,1,0,0,1
6297,1,0,0,0
1784,2,0,0,1
5122,2,0,0,0
833,1,0,0,0
1270,2,0,2,0
2158,1,0,1,1
2749,1,0,0,1
4942,1,0,0,1
4554,1,0,1,0
484,1,0,1,0
563,5,0,0,1
3194,5,0,2,0
5630,1,0,0,1
5746,8,1,1,0
6844,1,0,2,0
262,1,0,1,0
875,5,0,1,1
1643,1,0,0,0
6715,3,0,0,1
5903,1,0,2,0
5415,1,0,1,0
1721,2,0,0,0
2748,1,0,0,1
1667,1,0,0,1
3218,1,0,0,0
2553,2,0,1,0
1529,1,0,3,0
3534,10,0,1,0
1622,4,0,1,0
2114,2,0,1,0
416,2,0,0,1
3144,7,0,0,0
5420,1,0,0,0
20,1,0,0,1
5449,3,0,1,0
4659,1,0,41,0
3928,10,0,1,0
2715,2,0,0,1
2384,0,1,0,1
221,1,0,0,1
97,1,0,0,1
3492,1,0,1,0
6999,3,0,0,1
3657,1,0,1,0
6049,5,0,1,0
5833,3,0,1,0
2177,1,0,0,0
1257,2,0,0,1
3762,8,0,1,0
1058,1,0,0,1
5141,10,0,330,0
626,4,0,0,1
2377,1,0,0,1
6125,0,1,1,0
2690,5,0,0,1
6269,1,0,1,0
2110,1,0,0,0
6032,2,0,0,1
3475,1,0,1,1
81,1,0,2,0
6997,2,1,2,0
5082,1,0,0,1
269,1,0,0,1
5437,1,0,2,0
6242,1,0,0,1
1542,1,1,3,0
41,2,0,1,0
4908,2,0,0,0
1939,1,0,0,0
5293,2,0,1,0
27,3,0,1,0
4220,1,0,1,0
5033,1,0,15,0
6333,1,0,1,0
384,1,0,2,0
5495,2,0,0,1
1131,2,0,0,1
4649,3,0,0,0
1289,1,0,0,1
918,1,0,0,1
3468,1,0,3,0
4799,1,0,0,1
4804,2,0,0,1
2717,1,0,0,1
797,1,0,0,1
5745,1,0,1,0
3644,5,0,2,0
4204,1,0,0,0
6217,1,0,0,1
960,1,0,3,0
6718,1,0,1,0
4559,1,0,1,0
5692,1,0,0,0
5996,2,0,0,1
3791,1,0,0,1
520,1,0,1,0
1924,1,0,0,1
234,1,0,0,1
5473,2,0,1,0
1697,1,0,0,1
3145,3,0,1,0
3719,4,0,1,0
5711,2,0,1,0
4285,1,0,0,1
5240,1,0,0,1
5985,1,0,0,0
5338,1,0,0,0
2179,2,0,0,0
3134,1,0,0,0
572,10,0,1,0
4321,3,0,2,0
5047,3,0,1,0
4934,3,0,1,0
1701,1,0,1,0
4950,2,0,0,0
4280,4,8,241,0
6291,6,0,2,0
1715,1,0,0,1
6793,1,0,2,0
6756,4,0,2,0
4618,3,0,1,0
362,1,0,0,1
5627,1,0,0,1
6628,5,0,0,1
457,1,0,1,1
1357,2,0,1,0
2946,1,0,0,0
909,1,0,0,1
4394,1,0,0,1
1362,1,0,0,1
5111,1,0,2,0
4891,1,0,1,0
2752,3,0,0,1
4489,1,0,0,1
2337,2,0,0,1
1595,4,0,3,0
4652,1,0,0,0
6696,1,0,1,0
6287,1,0,1,0
4271,1,0,1,0
1879,1,0,0,1
2205,9,0,1,0
6381,5,0,0,1
1528,2,0,0,1
4545,1,0,0,0
408,1,0,0,0
5681,1,0,1,0
5313,2,0,0,1
1790,1,0,0,0
5674,2,0,0,0
3891,8,0,0,0
3749,2,0,0,0
1885,1,0,0,1
6765,2,0,0,1
6115,6,0,1,0
182,1,0,2,0
267,7,0,2,0
1873,0,1,0,1
5060,1,0,2,0
4460,1,0,0,1
6988,1,1,153,0
4688,2,0,0,0
3275,5,0,2,0
6748,1,0,0,1
5500,3,0,0,0
5934,2,0,1,0
3086,3,0,1,1
6759,1,0,0,1
3393,1,0,1,0
4113,4,0,2,0
4925,2,0,1,0
4136,1,0,1,0
1161,1,0,0,1
4864,6,0,1,0
6081,1,0,1,0
2338,1,0,0,1
6440,2,0,0,0
206,1,0,2,1
6996,1,0,0,1
70,1,0,3,0
3984,10,0,1,0
5538,1,0,1,0
4840,0,1,0,0
5567,1,0,0,1
1540,1,0,3,0
3079,1,0,1,0
2001,1,0,1,0
5232,4,1,0,1
1988,1,0,1,0
4758,3,0,0,0
4577,5,0,1,0
912,1,0,0,1
4459,1,0,1,0
1703,1,1,0,1
2308,1,0,1,0
6740,2,0,0,1
3011,1,0,1,0
4290,1,0,0,1
618,1,0,0,0
1374,1,0,0,0
4852,3,0,0,1
5563,1,1,0,1
6198,2,0,0,1
5389,2,0,0,0
4152,1,0,1,0
346,1,0,0,1
5591,1,0,1,0
1665,1,0,2,0
522,1,0,1,0
1716,5,0,2,0
2109,1,0,1,0
3972,3,0,0,1
3597,1,0,0,0
6138,2,0,1,0
6911,7,0,1,0
5840,2,0,1,0
703,6,0,0,1
6155,2,1,1,0
3792,1,0,0,1
3315,4,0,3,0
3064,3,0,1,0
2696,3,0,0,1
5550,1,0,0,0
6879,1,0,0,0
1444,1,0,2,0
4142,1,0,2,0
2166,1,0,0,0
1310,3,0,0,1
3136,1,0,1,0
1841,3,0,1,0
1509,1,0,1,0
5226,3,0,1,0
1917,1,0,0,1
2067,2,0,1,0
6620,1,0,0,1
4580,5,0,0,1
1947,2,0,1,0
3770,0,1,3,0
6251,4,1,0,1
2374,5,1,0,1
6719,1,0,1,0
599,1,0,0,0
